link,title
/eby/npo/4854129294.html,Nonprofit Prisoners' Rights Law Firm Seeks Grant Writer
/eby/npo/4854104770.html,RESIDENTIAL COUNSELOR -GROUP HOME
/sfc/npo/4854065122.html,⚫ Salaried Canvassing Management Positions⚫ Run your own office
/eby/npo/4854018064.html,PART TIME PROGRAM AIDE FOR ADULTS WITH DEVELOPMENTAL DISABILITIES
/sfc/npo/4854017542.html,✪✪STAND UP TO BIG OIL. CAMPAIGN TO BAN FRACKING $11-16/HR
/nby/npo/4853969911.html,DSP/Caregiver for Developmentally Disable Adults
/eby/npo/4853951865.html,**HRC is NOW HIRING: Activists to protect LGBTQ students ($11-$16hr)**
/nby/npo/4853945192.html,Customer Services Operations
/sfc/npo/4853938534.html,Sales Professional for Nonprofit Arts
/eby/npo/4853931129.html,->Entry Level Community Organizer Positions at Top Water Non-Profit<--
/sfc/npo/4853920882.html,"HOW FAR CAN YOUR PASSION TAKE YOU? *TRAINING, TRAVEL, BENEFITS*"
/sfc/npo/4853915532.html,Customer Advocate for the Arts
/sfc/npo/4853911771.html,Technical Support Expert
/scz/npo/4853891257.html,"◄ Support LGBTQ Equality? Make a Difference, Get Paid - HIRING NOW! ►"
/eby/npo/4853887863.html,✪ MAKE FRIENDS + A DIFFERENCE: ADVANCE LGBTQ EQUALITY. $1600-$2500/mo
/nby/npo/4853877478.html,TWO PERSONAL ASSISTANTS NEEDED FOR AUTISTIC ADULT MALE
/scz/npo/4853167145.html,Counselors for Girls Group Home
/sfc/npo/4853034487.html,BI-LINGUAL HEALTH EDUCATOR/LIFE SKILLS COACH (San Francisco-Daly City)
/eby/npo/4852817568.html,Chorus Manager - part-time
/sfc/npo/4852785775.html,Stanford PERTS - Administrative/Research Assistant
/nby/npo/4851742358.html,Companion/Behavioral Assistant
/sby/npo/4851701370.html,MUSEUM CURATOR
/scz/npo/4851270007.html,► ACTIVIST JOBS! Fight Antibiotic-Resistance! $10-15/hr ◄
/nby/npo/4850604061.html,Therapist
/sby/npo/4850533430.html,Live-in/Direct Care attendant needed: Full Time
/sby/npo/4850532718.html,Direct Care-Home Support Worker
/eby/npo/4850494935.html,SUPPORT COUNSELOR II
/sby/npo/4850471468.html,MENTAL HEALTH THERAPIST
/sby/npo/4850454844.html,ADMIN ASSISTANT FOR PEI PROGRAM
/eby/npo/4850424412.html,Resident Manager
/sby/npo/4850402131.html,Bilingual Family Partner
/sfc/npo/4850401908.html,●●●STAND UP TO BIG OIL! CAMPAIGN TO BAN FRACKING $11-16/HR
/sby/npo/4850396092.html,Wraparound Clinician: Community-Based Program Supporting Youth!
/sfc/npo/4850395906.html,"Director, Foundations"
/nby/npo/4850391098.html,Residential Counselor
/pen/npo/4850386275.html,Program Coordinator
/eby/npo/4850372660.html,"Asset Manager, Part-time, 22.5 hours per week"
/nby/npo/4850344513.html,"Marketing, Communications & Public Relations Manager"
/sfc/npo/4850342801.html,Housing Planning Specialist - New Roads
/sfc/npo/4850342035.html,Assoc. Director of Property Management (Supportive Housing)
/sfc/npo/4850341116.html,Case Manager
/sfc/npo/4850339529.html,Associate Director of Property Management Operations
/nby/npo/4850326836.html,Assistant Site Coordinator
/eby/npo/4850325922.html,Mental Health Clinician (for Birth to 5 years old)
/eby/npo/4850319216.html,Property Supervisor
/eby/npo/4850305266.html,Community Integration Behavioral Specialist
/eby/npo/4850303347.html,Community Integration Specialist
/sfc/npo/4850300277.html,Community Integration Specialist
/sby/npo/4850291745.html,Director of Communications
/nby/npo/4850285682.html,"Site Manager, Shelter Programs, PT or on-call"
/sfc/npo/4850281697.html,"NEW YEAR, NEW CAREER! LOOKING FOR PASSIONATE PEOPLE *TRAINING, GROWTH*"
/sfc/npo/4850275805.html,"Development Intern, Common Sense"
/sfc/npo/4850274934.html,Case Manager
/pen/npo/4850267353.html,Youth Grief Camp Manager
/sfc/npo/4850262802.html,Community Cares Coordinator @ San Francisco SPCA
/eby/npo/4850246197.html,Housing Case Manager
/sby/npo/4850244673.html,Therapist - Family and Children
/sfc/npo/4850237489.html,Associate Procurement Officer
/nby/npo/4850232370.html,CASE MANAGER: Senior Service Coordinator North Bay Regional Center
/sfc/npo/4850232199.html,Associate Director of Training
/sfc/npo/4850221045.html,Project Coordinator - Community Relations
/nby/npo/4850212488.html,Creative/Production Coordinator
/eby/npo/4850201016.html,Education & Career Pathways Coordinator - Youth Radio
/pen/npo/4850173870.html,Program Manager/Director
/eby/npo/4850166031.html,Housing Specialist for Veterans
/sfc/npo/4850160403.html,Employment Services Coordinator
/sby/npo/4850144372.html,"Executive Director, San Francisco Bay Bird Observatory"
/eby/npo/4850137499.html,Communications Manager
/eby/npo/4850129112.html,Program Manager
/sfc/npo/4850123061.html,Mental Health Clinician
/sfc/npo/4850118648.html,Chapter Programs Associate
/eby/npo/4850118262.html,Spanish Speaking Clinician - Multi-Dimensional Family Therapy Program
/eby/npo/4850117321.html,Intervention Specialist - EXCEL Alameda
/eby/npo/4850113297.html,Bilingual Clinician-HOPE Alameda
/eby/npo/4850111668.html,Institutional Giving Manager
/eby/npo/4850100821.html,Family Advocate-MDFT (Contra Costa)
/eby/npo/4850094083.html,Playworks Elementary School Program Coordinator
/pen/npo/4850088908.html,Mental Health Clinician (Temporay -Starting February )
/nby/npo/4850078347.html,Development Coordinator P-T
/sfc/npo/4850072847.html,Certified Nurse Assistant
/sfc/npo/4850044327.html,Maintenance
/sfc/npo/4850043899.html,Human Resources Assistant
/eby/npo/4850019845.html,Development Director
/eby/npo/4850019186.html,Director of Finance and Administration
/eby/npo/4849986392.html,Support Group Program Coordinator- EBAC 32-40hrs/wk
/pen/npo/4849974086.html,Counselor
/eby/npo/4849963602.html,Property Manager - Onsite
/eby/npo/4849921368.html,ACTIVISTS: unite and fight for LGBTQ EQUALITY with the HRC! $11-$16/hr
/eby/npo/4849919786.html,Property Manager
/sfc/npo/4849915988.html,Case Manager - Korean
/eby/npo/4849901533.html,Director of Development - Marine Applied Research & Exploration
/eby/npo/4849874349.html,"ADMINISTRATIVE ASSISTANT (HR, IT AND FACILITIES)"
/eby/npo/4849871450.html,PROGRAM MANAGER - SIGN ON BONUS! (LCSW or MFT REQUIRED)
/eby/npo/4849869442.html,PEER COUNSELOR/FAMILY PARTNER
/eby/npo/4849867217.html,PERSONAL SERVICES COORDINATOR - $22.50-30.00/hour
/sfc/npo/4849863123.html,Administrative Assistant
/eby/npo/4849846267.html,BYA seeks Youth Counselor with MSW or MA
/nby/npo/4849836859.html,Substance Abuse Counselor
/nby/npo/4849835954.html,Community Case Managers
/nby/npo/4849830791.html,Part Time Counselors and Licensed Clinicians
